-- phpMyAdmin SQL Dump
-- version 4.0.10deb1
-- http://www.phpmyadmin.net
--
-- Host: localhost
-- Generation Time: Dec 05, 2015 at 05:03 PM
-- Server version: 5.5.46-0ubuntu0.14.04.2
-- PHP Version: 5.5.9-1ubuntu4.14

SET SQL_MODE = "NO_AUTO_VALUE_ON_ZERO";
SET time_zone = "+00:00";


/*!40101 SET @OLD_CHARACTER_SET_CLIENT=@@CHARACTER_SET_CLIENT */;
/*!40101 SET @OLD_CHARACTER_SET_RESULTS=@@CHARACTER_SET_RESULTS */;
/*!40101 SET @OLD_COLLATION_CONNECTION=@@COLLATION_CONNECTION */;
/*!40101 SET NAMES utf8 */;

--
-- Database: `rmannava`
--

-- --------------------------------------------------------

--
-- Dumping data for table `Aircraft`
--

INSERT INTO `Aircraft` (`Tail_Number`, `Airline`, `Manufacture`, `Model`, `Capacity`, `Status`, `First_Class_Seats`, `Business_Class_Seats`, `Coach_Class_Seats`, `Window_Seats`, `Isle_Seats`) VALUES
('131EV', 'DELTA AIR LINES ', 'BOMBARDIER INC', 'CL600-2D24', 22, '1', 5, 7, 10, 14, 8),
('132EV', 'DELTA AIR LINES ', 'BOMBARDIER INC', 'CL600-2D24', 22, '0', 5, 7, 10, 14, 8),
('133EV', 'DELTA AIR LINES ', 'BOMBARDIER INC', 'CL600-2D24', 22, '1', 5, 7, 10, 14, 8),
('135EV', 'DELTA AIR LINES ', 'BOMBARDIER INC', 'CL600-2D24', 22, '0', 5, 7, 10, 14, 8),
('136EV', 'DELTA AIR LINES ', 'BOMBARDIER INC', 'CL600-2D24', 22, '1', 5, 7, 10, 14, 8),
('137EV', 'DELTA AIR LINES ', 'BOMBARDIER INC', 'CL600-2D24', 22, '1', 5, 7, 10, 14, 8),
('138EV', 'DELTA AIR LINES ', 'BOMBARDIER INC', 'CL600-2D24', 22, '1', 5, 7, 10, 14, 8),
('13975', 'CONTINENTAL AIRL', 'EMBRAER', 'EMB-145LR', 55, '0', 13, 17, 25, 22, 33),
('13978', 'CONTINENTAL AIRL', 'EMBRAER', 'EMB-145LR', 55, '0', 13, 17, 25, 22, 33),
('13979', 'CONTINENTAL AIRL', 'EMBRAER', 'EMB-145LR', 55, '0', 13, 17, 25, 22, 33),
('13988', 'CONTINENTAL AIRL', 'EMBRAER', 'EMB-145LR', 55, '0', 13, 17, 25, 22, 33),
('13989', 'CONTINENTAL AIRL', 'EMBRAER', 'EMB-145LR', 55, '1', 13, 17, 25, 22, 33),
('13990', 'CONTINENTAL AIRL', 'EMBRAER', 'EMB-145LR', 55, '1', 13, 17, 25, 22, 33),
('13992', 'CONTINENTAL AIRL', 'EMBRAER', 'EMB-145LR', 55, '0', 13, 17, 25, 22, 33),
('14931', 'CONTINENTAL AIRL', 'EMBRAER', 'EMB-145LR', 55, '1', 13, 17, 25, 22, 33),
('14977', 'CONTINENTAL AIRL', 'EMBRAER', 'EMB-145LR', 55, '0', 13, 17, 25, 22, 33),
('14991', 'CONTINENTAL AIRL', 'EMBRAER', 'EMB-145LR', 55, '1', 13, 17, 25, 22, 33),
('14993', 'CONTINENTAL AIRL', 'EMBRAER', 'EMB-145LR', 55, '1', 13, 17, 25, 22, 33),
('15980', 'CONTINENTAL AIRL', 'EMBRAER', 'EMB-145LR', 55, '1', 13, 17, 25, 22, 33),
('15983', 'CONTINENTAL AIRL', 'EMBRAER', 'EMB-145LR', 55, '1', 13, 17, 25, 22, 33),
('15986', 'CONTINENTAL AIRL', 'EMBRAER', 'EMB-145LR', 55, '1', 13, 17, 25, 22, 33),
('16976', 'CONTINENTAL AIRL', 'EMBRAER', 'EMB-145LR', 55, '1', 13, 17, 25, 22, 33),
('16981', 'CONTINENTAL AIRL', 'EMBRAER', 'EMB-145LR', 55, '1', 13, 17, 25, 22, 33),
('16987', 'CONTINENTAL AIRL', 'EMBRAER', 'EMB-145LR', 55, '0', 13, 17, 25, 22, 33),
('17984', 'CONTINENTAL AIRL', 'EMBRAER', 'EMB-145LR', 55, '0', 13, 17, 25, 22, 33),
('18982', 'CONTINENTAL AIRL', 'EMBRAER', 'EMB-145LR', 55, '1', 13, 17, 25, 22, 33),
('28341', 'DELTA AIR LINES ', 'DOUGLAS', 'DC3-G202A', 32, '1', 8, 10, 14, 16, 16),
('4460C', 'CONTINENTAL AIRL', 'CAMERON BALLOONS', 'N-105', 6, '0', 1, 2, 3, 4, 2),
('594SW', 'DELTA AIR LINES ', 'BOMBARDIER INC', 'CL-600-2B19', 55, '0', 13, 17, 25, 22, 33),
('595SW', 'DELTA AIR LINES ', 'BOMBARDIER INC', 'CL-600-2B19', 55, '1', 13, 17, 25, 22, 33),
('597SW', 'DELTA AIR LINES ', 'BOMBARDIER INC', 'CL-600-2B19', 55, '0', 13, 17, 25, 22, 33),
('601LR', 'DELTA AIR LINES ', 'BOMBARDIER INC', 'CL600-2D24', 22, '0', 5, 7, 10, 14, 8),
('602LR', 'DELTA AIR LINES ', 'BOMBARDIER INC', 'CL600-2D24', 22, '1', 5, 7, 10, 14, 8),
('604LR', 'DELTA AIR LINES ', 'BOMBARDIER INC', 'CL600-2D24', 22, '1', 5, 7, 10, 14, 8),
('605LR', 'DELTA AIR LINES ', 'BOMBARDIER INC', 'CL600-2D24', 22, '1', 5, 7, 10, 14, 8),
('606LR', 'DELTA AIR LINES ', 'BOMBARDIER INC', 'CL600-2D24', 22, '0', 5, 7, 10, 14, 8),
('607LR', 'DELTA AIR LINES ', 'BOMBARDIER INC', 'CL600-2D24', 22, '0', 5, 7, 10, 14, 8),
('61940', 'SOUTHWEST AIRLIN', 'CESSNA', '172M', 4, '1', 1, 1, 2, 4, 0),
('720SW', 'DELTA AIR LINES ', 'BOMBARDIER INC', 'CL-600-2B19', 55, '1', 13, 17, 25, 22, 33),
('8791Q', 'SOUTHWEST AIRLIN', 'CESSNA', 'TU206G', 6, '0', 1, 2, 3, 4, 2),
('8878', 'DELTA AIR LINES ', 'CURTISS WRIGHT', 'TRAVEL AIR 6-B', 6, '1', 1, 2, 3, 4, 2),
('901XJ', 'DELTA AIR LINES ', 'BOMBARDIER INC', 'CL600-2D24', 22, '1', 5, 7, 10, 14, 8),
('902XJ', 'DELTA AIR LINES ', 'BOMBARDIER INC', 'CL600-2D24', 22, '0', 5, 7, 10, 14, 8),
('903XJ', 'DELTA AIR LINES ', 'BOMBARDIER INC', 'CL600-2D24', 22, '1', 5, 7, 10, 14, 8),
('904XJ', 'DELTA AIR LINES ', 'BOMBARDIER INC', 'CL600-2D24', 22, '0', 5, 7, 10, 14, 8),
('905XJ', 'DELTA AIR LINES ', 'BOMBARDIER INC', 'CL600-2D24', 22, '0', 5, 7, 10, 14, 8),
('906XJ', 'DELTA AIR LINES ', 'BOMBARDIER INC', 'CL600-2D24', 22, '0', 5, 7, 10, 14, 8),
('907XJ', 'DELTA AIR LINES ', 'BOMBARDIER INC', 'CL600-2D24', 22, '1', 5, 7, 10, 14, 8),
('908XJ', 'DELTA AIR LINES ', 'BOMBARDIER INC', 'CL600-2D24', 22, '0', 5, 7, 10, 14, 8),
('909XJ', 'DELTA AIR LINES ', 'BOMBARDIER INC', 'CL600-2D24', 22, '1', 5, 7, 10, 14, 8),
('910XJ', 'DELTA AIR LINES ', 'BOMBARDIER INC', 'CL600-2D24', 22, '0', 5, 7, 10, 14, 8),
('912XJ', 'DELTA AIR LINES ', 'BOMBARDIER INC', 'CL600-2D24', 22, '0', 5, 7, 10, 14, 8),
('913XJ', 'DELTA AIR LINES ', 'BOMBARDIER INC', 'CL600-2D24', 22, '1', 5, 7, 10, 14, 8),
('914XJ', 'DELTA AIR LINES ', 'BOMBARDIER INC', 'CL600-2D24', 22, '1', 5, 7, 10, 14, 8),
('915XJ', 'DELTA AIR LINES ', 'BOMBARDIER INC', 'CL600-2D24', 22, '0', 5, 7, 10, 14, 8),
('916XJ', 'DELTA AIR LINES ', 'BOMBARDIER INC', 'CL600-2D24', 22, '1', 5, 7, 10, 14, 8),
('917XJ', 'DELTA AIR LINES ', 'BOMBARDIER INC', 'CL600-2D24', 22, '0', 5, 7, 10, 14, 8),
('918XJ', 'DELTA AIR LINES ', 'BOMBARDIER INC', 'CL600-2D24', 22, '1', 5, 7, 10, 14, 8),
('919XJ', 'DELTA AIR LINES ', 'BOMBARDIER INC', 'CL600-2D24', 22, '0', 5, 7, 10, 14, 8),
('920XJ', 'DELTA AIR LINES ', 'BOMBARDIER INC', 'CL600-2D24', 22, '1', 5, 7, 10, 14, 8),
('921XJ', 'DELTA AIR LINES ', 'BOMBARDIER INC', 'CL600-2D24', 22, '0', 5, 7, 10, 14, 8),
('922XJ', 'DELTA AIR LINES ', 'BOMBARDIER INC', 'CL600-2D24', 22, '1', 5, 7, 10, 14, 8),
('923XJ', 'DELTA AIR LINES ', 'BOMBARDIER INC', 'CL600-2D24', 22, '0', 5, 7, 10, 14, 8),
('924XJ', 'DELTA AIR LINES ', 'BOMBARDIER INC', 'CL600-2D24', 22, '0', 5, 7, 10, 14, 8),
('925XJ', 'DELTA AIR LINES ', 'BOMBARDIER INC', 'CL600-2D24', 22, '1', 5, 7, 10, 14, 8),
('926XJ', 'DELTA AIR LINES ', 'BOMBARDIER INC', 'CL600-2D24', 22, '1', 5, 7, 10, 14, 8),
('927XJ', 'DELTA AIR LINES ', 'BOMBARDIER INC', 'CL600-2D24', 22, '0', 5, 7, 10, 14, 8),
('928EV', 'DELTA AIR LINES ', 'BOMBARDIER INC', 'CL-600-2B19', 55, '1', 13, 17, 25, 22, 33),
('928XJ', 'DELTA AIR LINES ', 'BOMBARDIER INC', 'CL600-2D24', 22, '0', 5, 7, 10, 14, 8),
('929XJ', 'DELTA AIR LINES ', 'BOMBARDIER INC', 'CL600-2D24', 22, '1', 5, 7, 10, 14, 8),
('930EV', 'DELTA AIR LINES ', 'BOMBARDIER INC', 'CL-600-2B19', 55, '1', 13, 17, 25, 22, 33),
('930XJ', 'DELTA AIR LINES ', 'BOMBARDIER INC', 'CL600-2D24', 22, '0', 5, 7, 10, 14, 8),
('931XJ', 'DELTA AIR LINES ', 'BOMBARDIER INC', 'CL600-2D24', 22, '1', 5, 7, 10, 14, 8),
('932EV', 'DELTA AIR LINES ', 'BOMBARDIER INC', 'CL-600-2B19', 55, '1', 13, 17, 25, 22, 33),
('932XJ', 'DELTA AIR LINES ', 'BOMBARDIER INC', 'CL600-2D24', 22, '1', 5, 7, 10, 14, 8),
('933XJ', 'DELTA AIR LINES ', 'BOMBARDIER INC', 'CL600-2D24', 22, '0', 5, 7, 10, 14, 8),
('934EV', 'DELTA AIR LINES ', 'BOMBARDIER INC', 'CL-600-2B19', 55, '1', 13, 17, 25, 22, 33),
('934XJ', 'DELTA AIR LINES ', 'BOMBARDIER INC', 'CL600-2D24', 22, '0', 5, 7, 10, 14, 8),
('935EV', 'DELTA AIR LINES ', 'BOMBARDIER INC', 'CL-600-2B19', 55, '0', 13, 17, 25, 22, 33),
('935XJ', 'DELTA AIR LINES ', 'BOMBARDIER INC', 'CL600-2D24', 22, '0', 5, 7, 10, 14, 8),
('936XJ', 'DELTA AIR LINES ', 'BOMBARDIER INC', 'CL600-2D24', 22, '0', 5, 7, 10, 14, 8),
('937EV', 'DELTA AIR LINES ', 'BOMBARDIER INC', 'CL-600-2B19', 55, '0', 13, 17, 25, 22, 33),
('937XJ', 'DELTA AIR LINES ', 'BOMBARDIER INC', 'CL600-2D24', 22, '1', 5, 7, 10, 14, 8),
('954CA', 'DELTA AIR LINES ', 'CANADAIR', 'CL-600-2B19', 55, '1', 13, 17, 25, 22, 33),
('956CA', 'DELTA AIR LINES ', 'CANADAIR', 'CL-600-2B19', 55, '1', 13, 17, 25, 22, 33),
('957CA', 'DELTA AIR LINES ', 'CANADAIR', 'CL-600-2B19', 55, '1', 13, 17, 25, 22, 33),
('958CA', 'DELTA AIR LINES ', 'CANADAIR', 'CL-600-2B19', 55, '1', 13, 17, 25, 22, 33),
('959CA', 'DELTA AIR LINES ', 'CANADAIR', 'CL-600-2B19', 55, '1', 13, 17, 25, 22, 33),
('964CA', 'DELTA AIR LINES ', 'CANADAIR', 'CL-600-2B19', 55, '1', 13, 17, 25, 22, 33),
('966CA', 'DELTA AIR LINES ', 'CANADAIR', 'CL-600-2B19', 55, '1', 13, 17, 25, 22, 33),
('989CA', 'DELTA AIR LINES ', 'CANADAIR', 'CL-600-2B19', 55, '1', 13, 17, 25, 22, 33);

-- --------------------------------------------------------

--
-- Dumping data for table `Airports`
--

INSERT INTO `Airports` (`Airport_Code`, `Airport_Name`, `City`, `State`) VALUES
('ABE', 'Lehigh Valley International', ' Allentown', ' PA'),
('ABI', 'Abilene Regional', ' Abilene', ' TX'),
('ABQ', 'Albuquerque International Sunport', ' Albuquerque', ' NM'),
('ABY', 'Southwest Georgia Regional', ' Albany', ' GA'),
('ACK', 'Nantucket Memorial', ' Nantucket', ' MA'),
('ACT', 'Waco Regional', ' Waco', ' TX'),
('ACV', 'Arcata', ' Arcata', ' CA'),
('ACY', 'Atlantic City International', ' Atlantic City', ' NJ'),
('ADQ', 'Kodiak', ' Kodiak', ' AK'),
('AEX', 'Alexandria Intl', ' Alexandria', ' LA'),
('AGS', 'Augusta Regional', ' Augusta', ' GA'),
('AKN', 'King Salmon', ' King Salmon', ' AK'),
('ALB', 'Albany International', ' Albany', ' NY'),
('ALO', 'Waterloo Municipal', ' Waterloo', ' IA'),
('AMA', 'Amarillo International', ' Amarillo', ' TX'),
('ANC', 'Ted Stevens Anchorage International', ' Anchorage', ' AK'),
('ANI', 'Aniak', ' Aniak', ' AK'),
('ATL', 'Hartsfield-Jackson Atlanta International', ' Atlanta', ' GA'),
('ATW', 'Outagamie County Regional', ' Appleton', ' WI'),
('AUS', 'Austin-Bergstrom International', ' Austin', ' TX'),
('AVL', 'Asheville Regional', ' Asheville', ' NC'),
('AVP', 'Wilkes-BarreScranton International', ' ScrantonWilkes-Barre', ' PA'),
('AZO', 'KalamazooBattle Creek International', ' Kalamazoo', ' MI'),
('BDL', 'Bradley International', ' Hartford', ' CT'),
('BET', 'Bethel', ' Bethel', ' AK'),
('BFL', 'Meadows Field', ' Bakersfield', ' CA'),
('BGM', 'Binghamton Regional', ' Binghamton', ' NY'),
('BGR', 'Bangor International', ' Bangor', ' ME'),
('BHM', 'Birmingham International', ' Birmingham', ' AL'),
('BIL', 'Billings Logan International', ' Billings', ' MT'),
('BIS', 'Bismarck Municipal', ' Bismarck', ' ND'),
('BMI', 'Central Illinois Regional', ' Bloomington', ' IL'),
('BNA', 'Nashville International', ' Nashville', ' TN'),
('BOI', 'Boise', ' Boise', ' ID'),
('BOS', 'Logan International', ' Boston', ' MA'),
('BPT', 'Southeast Texas Regional', ' Beaumont', ' TX'),
('BQK', 'Glynco Jetport', ' Brunswick', ' GA'),
('BQN', 'Rafael Hernandez', ' Aguadilla', ' PR'),
('BRO', 'BrownsvilleSouth Padre Island International', ' Brownsville', ' TX'),
('BRW', 'Wiley Post-Will Rogers Memorial', ' Barrow', ' AK'),
('BTM', 'Bert Mooney', ' Butte', ' MT'),
('BTR', 'Baton Rouge Metropolitan', ' Baton Rouge', ' LA'),
('BTV', 'Burlington International', ' Burlington', ' VT'),
('BUF', 'Buffalo Niagra International', ' Buffalo', ' NY'),
('BUR', 'Bob Hope', ' Burbank', ' CA'),
('BWI', 'BaltimoreWashington International', ' Baltimore', ' MD'),
('BZN', 'Gallatin Field', ' Bozeman', ' MT'),
('CAE', 'Columbia Metropolitan', ' Columbia', ' SC'),
('CAK', 'Akron-Canton', ' AkronCanton', ' OH'),
('CDC', 'Cedar City Regional', ' Cedar City', ' UT'),
('CDV', 'Cordova-Mile 13', ' Cordova', ' AK'),
('CEC', 'Jack Mc Namara Field', ' Crescent City', ' CA'),
('CHA', 'Lovell Field', ' Chattanooga', ' TN'),
('CHO', 'Charlottesville-Albemarle', ' Charlottesville', ' VA'),
('CHS', 'Charleston International', ' Charleston', ' SC'),
('CIC', 'Chico Muni', ' Chico', ' CA'),
('CID', 'The Eastern Iowa', ' Cedar Rapids', ' IA'),
('CLD', 'McClellan-Palomar', ' Carlsbad', ' CA'),
('CLE', 'Cleveland Hopkins International', ' Cleveland', ' OH'),
('CLL', 'Easterwood Field', ' College Station', ' TX'),
('CLT', 'Charlotte Douglas International', ' Charlotte', ' NC'),
('CMH', 'Port Columbus International', ' Columbus', ' OH'),
('CMI', 'University of Illinois-Willard', ' Champaign', ' IL'),
('COD', 'Yellowstone Regional', ' Cody', ' WY'),
('COS', 'Colorado Springs', ' Colorado Springs', ' CO'),
('CPR', 'Natrona County Intl', ' Casper', ' WY'),
('CRP', 'Corpus Christi International', ' Corpus Christi', ' TX'),
('CRW', 'Yeager', ' Charleston', ' WV'),
('CSG', 'Columbus Metropolitan', ' Columbus', ' GA'),
('CVG', 'CincinnatiNorthern Kentucky International', ' Cincinnati', ' OH'),
('DAB', 'Daytona Beach International', ' Daytona Beach', ' FL'),
('DAL', 'Dallas Love Field', ' DallasFt. Worth', ' TX'),
('DAY', 'Dayton International', ' Dayton', ' OH'),
('DBQ', 'Dubuque Regional', ' Dubuque', ' IA'),
('DCA', 'Ronald Reagan Washington National', ' Washington', ' DC'),
('DEN', 'Denver International', ' Denver', ' CO'),
('DFW', 'DallasFt.Worth International', ' DallasFt. Worth', ' TX'),
('DHN', 'Dothan Regional', ' Dothan', ' AL'),
('DLG', 'Dillingham', ' Dillingham', ' AK'),
('DLH', 'Duluth International', ' Duluth', ' MN'),
('DRO', 'Durango-La Plata County', ' Durango', ' CO'),
('DSM', 'Des Moines International', ' Des Moines', ' IA'),
('DTW', 'Detroit Metropolitan Wayne County', ' Detroit', ' MI'),
('DUT', 'Dutch Harbor', ' Dutch Harbor', ' AK'),
('EFD', 'Ellington Field', ' Houston', ' TX'),
('EGE', 'Eagle County Regional', ' Eagle', ' CO'),
('EKO', 'Elko Regional', ' Elko', ' NV'),
('ELM', 'ElmiraCorning Regional', ' Elmira', ' NY'),
('ELP', 'El Paso International', ' El Paso', ' TX'),
('ERI', 'Erie International', ' Erie', ' PA'),
('EUG', 'Mahlon Sweet Field', ' Eugene', ' OR'),
('EVV', 'Evansville Regional', ' Evansville', ' IN'),
('EWR', 'Newark Liberty International', ' Newark', ' NJ'),
('EYW', 'Key West Intl', ' Key West', ' FL'),
('FAI', 'Fairbanks International', ' Fairbanks', ' AK'),
('FAR', 'Hector International', ' Fargo', ' ND'),
('FAT', 'Fresno Air Terminal', ' Fresno', ' CA'),
('FAY', 'Fayetteville', ' Fayetteville', ' NC'),
('FCA', 'Glacier Park International', ' Kalispell', ' MT'),
('FLL', 'Ft. Lauderdale-Hollywood International', ' Ft. Lauderdale', ' FL'),
('FLO', 'Florence Regional', ' Florence', ' SC'),
('FNT', 'Bishop International', ' Flint', ' MI'),
('FSD', 'Sioux Falls Regional', ' Sioux Falls', ' SD'),
('FSM', 'Fort Smith Muni', ' Fort Smith', ' AR'),
('FWA', 'Ft. Wayne International', ' Ft. Wayne', ' IN'),
('FYI', 'Fresno Yosemite International', ' Fresno', ' CA'),
('GEG', 'Spokane International', ' Spokane', ' WA'),
('GFK', 'Grand Forks International', ' Grand Forks', ' ND'),
('GGG', 'Gregg County', ' Longview', ' TX'),
('GJT', 'Walker Field', ' Grand Junction', ' CO'),
('GNV', 'Gainesville Regional', ' Gainesville', ' FL'),
('GPT', 'Gulfport-Biloxi International', ' Gulfport', ' MS'),
('GRB', 'Austin Straubel International', ' Green Bay', ' WI'),
('GRR', 'Gerald R. Ford International', ' Grand Rapids', ' MI'),
('GSO', 'Piedmont Triad International', ' GreensboroHigh Point', ' NC'),
('GSP', 'Greenville-Spartanburg International', ' GreenvilleSpartanburg', ' SC'),
('GST', 'Gustavus', ' Gustavus', ' AK'),
('GTF', 'Great Falls International', ' Great Falls', ' MT'),
('GTR', 'Golden Triangle Regional', ' Columbus', ' MS'),
('GUC', 'Gunnison County', ' Gunnison', ' CO'),
('GUM', 'Guam International', ' Tamuning', ' GU'),
('HDN', 'Yampa Valley', ' Steamboat Springs', ' CO'),
('HLN', 'Helena Regional', ' Helena', ' MT'),
('HNL', 'Honolulu International', ' Honolulu (Oahu)', ' HI'),
('HOU', 'William P Hobby', ' Houston', ' TX'),
('HPN', 'Westchester County', ' White Plains', ' NY'),
('HRL', 'Valley International', ' Harlingen', ' TX'),
('HSV', 'Huntsville International', ' HuntsvilleDecatur', ' AL'),
('HTS', 'Tri-State', ' Huntington', ' WV'),
('HVN', 'Tweed-New Haven', ' New Haven', ' CT'),
('IAD', 'Washington Dulles International', ' Washington', ' DC'),
('IAH', 'George Bush Intercontinental', ' Houston', ' TX'),
('ICT', 'Wichita Mid-Continent', ' Wichita', ' KS'),
('IDA', 'Fanning Field', ' Idaho Falls', ' ID'),
('ILE', 'Killeen Muni', ' Killeen', ' TX'),
('ILM', 'New Hanover International', ' Wilmington', ' NC'),
('IND', 'Indianapolis International', ' Indianapolis', ' IN'),
('IPL', 'Imperial County', ' El Centro', ' CA'),
('ISP', 'Long Island MacArthur', ' IslipLong Island', ' NY'),
('ITH', 'Tompkins County', ' Ithaca', ' NY'),
('ITO', 'Hilo International', ' Hilo (Hawaii)', ' HI'),
('IYK', 'Inyokern', ' Inyokern', ' CA'),
('JAC', 'Jackson Hole', ' Jackson', ' WY'),
('JAN', 'Jackson International', ' Jackson', ' MS'),
('JAX', 'Jacksonville International', ' Jacksonville', ' FL'),
('JFK', 'John F. Kennedy International', ' New York', ' NY'),
('JNU', 'Juneau International', ' Juneau', ' AK'),
('KOA', 'Kona International at Ke-Ahole', ' Kona (Hawaii)', ' HI'),
('KTN', 'Ketchikan International', ' Ketchikan', ' AK'),
('LAN', 'Capital City', ' Lansing', ' MI'),
('LAS', 'McCarran International', ' Las Vegas', ' NV'),
('LAW', 'Lawton-Fort Sill Regional', ' Lawton', ' OK'),
('LAX', 'Los Angeles International', ' Los Angeles', ' CA'),
('LBB', 'Lubbock International', ' Lubbock', ' TX'),
('LCH', 'Lake Charles Regional', ' Lake Charles', ' LA'),
('LEX', 'Blue Grass', ' LexingtonFrankfort', ' KY'),
('LFT', 'Lafayette Regional', ' Lafayette', ' LA'),
('LGA', 'LaGuardia', ' New York', ' NY'),
('LGB', 'Long Beach', ' Long Beach', ' CA'),
('LIH', 'Lihue', ' Kauai Island', ' HI'),
('LIT', 'Adams Field', ' Little Rock', ' AR'),
('LNK', 'Lincoln Municipal', ' Lincoln', ' NE'),
('LRD', 'Laredo Intl', ' Laredo', ' TX'),
('LSE', 'La Cross Municipal', ' La Crosse', ' WI'),
('LWB', 'Greenbrier Valley', ' Lewisburg', ' WV'),
('LYH', 'Lynchburg Reg.  Preston-Glenn Fld', ' Lynchburg', ' VA'),
('MAF', 'Midland International', ' MidlandOdessa', ' TX'),
('MBS', ' International', ' Saginaw', ' MI'),
('MCI', 'Kansas City International', ' Kansas City', ' MO'),
('MCN', 'Middle Georgia Regional', ' Macon', ' GA'),
('MCO', 'Orlando International', ' Orlando', ' FL'),
('MDT', 'Harrisburg International', ' Harrisburg', ' PA'),
('MDW', 'Midway International', ' Chicago', ' IL'),
('MEI', 'Key Field', ' Meridian', ' MS'),
('MEM', 'Memphis International', ' Memphis', ' TN'),
('MFE', 'McAllen Miller International', ' MissionMcallen', ' TX'),
('MFR', 'Rogue Valley International-Medford', ' Medford', ' OR'),
('MGM', 'Montgomery Regional', ' Montgomery', ' AL'),
('MHT', 'Manchester', ' Manchester', ' NH'),
('MIA', 'Miami International', ' Miami', ' FL'),
('MKE', 'General Mitchell International', ' Milwaukee', ' WI'),
('MLB', 'Melbourne International', ' Melbourne', ' FL'),
('MLI', 'Quad-City International', ' Moline', ' IL'),
('MLU', 'Monroe Regional', ' Monroe', ' LA'),
('MOB', 'Mobile Regional', ' Mobile', ' AL'),
('MOD', 'Modesto City-County', ' Modesto', ' CA'),
('MOT', 'Minot International', ' Minot', ' ND'),
('MQT', 'VORDME - Marquette County', ' Marquette', ' MI'),
('MRY', 'Monterey Peninsula', ' Monterey', ' CA'),
('MSN', 'Dane County Regional', ' Madison', ' WI'),
('MSO', 'Missoula International', ' Missoula', ' MT'),
('MSP', 'Minneapolis-St Paul International', ' MinneaplsSt Paul', ' MN'),
('MSY', 'Louis Armstrong New Orleans International', ' New Orleans', ' LA'),
('MTJ', 'Montrose Regional', ' Montrose', ' CO'),
('MYR', 'Myrtle Beach International', ' Myrtle Beach', ' SC'),
('OAJ', 'Albert J Ellis', ' Jacksonville', ' NC'),
('OAK', 'Oakland International', ' Oakland', ' CA'),
('OGD', 'Ogden-Hinckley', ' Ogden', ' UT'),
('OGG', 'Kahului', ' Kahului (Maui)', ' HI'),
('OKC', 'Will Rogers World', ' Oklahoma City', ' OK'),
('OMA', 'Eppley', ' Omaha', ' NE'),
('OME', 'Nome', ' Nome', ' AK'),
('ONT', 'Ontario International', ' Ontario', ' CA'),
('ORF', 'Norfolk International', ' NorfolkVirginia Beach', ' VA'),
('OTZ', 'Ralph Wien Memorial', ' Kotzebue', ' AK'),
('OXR', 'Oxnard', ' Oxnard', ' CA'),
('PBI', 'Palm Beach International', ' West Palm Beach', ' FL'),
('PDX', 'Portland International', ' Portland', ' OR'),
('PFN', 'Panama City-Bay County International', ' Panama City', ' FL'),
('PHF', 'Newport NewsWilliamsburg International', ' Newport News', ' VA'),
('PHL', 'Philadelphia International', ' Philadelphia', ' PA'),
('PHX', 'Phoenix Sky Harbor International', ' Phoenix', ' AZ'),
('PIA', 'Greater Peoria Regional', ' Peoria', ' IL'),
('PIE', 'St Petersburg-Clearwater Intl', ' St. Petersburg', ' FL'),
('PIH', 'Pocatello Regional', ' Pocatello', ' ID'),
('PIT', 'Pittsburgh International', ' Pittsburgh', ' PA'),
('PNS', 'Pensacola Regional', ' Pensacola', ' FL'),
('PSC', 'Tri-Cities', ' Pasco', ' WA'),
('PSG', 'Petersburg James A. Johnson', ' Petersburg', ' AK'),
('PSP', 'Palm Springs International', ' IndioPalm Springs', ' CA'),
('PVD', 'T. F. Green International', ' Providence', ' RI'),
('PVU', 'Provo Municipal', ' Provo', ' UT'),
('PWM', 'Portland International', ' Portland', ' ME'),
('RAP', 'Rapid City Regional', ' Rapid City', ' SD'),
('RDD', 'Redding Muni', ' Redding', ' CA'),
('RDM', 'Roberts Field', ' Redmond', ' OR'),
('RDU', 'Raleigh-Durham International', ' RaleighDurham', ' NC'),
('RIC', 'Richmond International', ' Richmond', ' VA'),
('RNO', 'RenoTahoe International', ' Reno', ' NV'),
('ROA', 'Roanoke Regional', ' Roanoke', ' VA'),
('ROC', 'Greater Rochester International', ' Rochester', ' NY'),
('RST', 'Rochester International', ' Rochester', ' MN'),
('RSW', 'Southwest Florida International', ' Ft. Myers', ' FL'),
('SAC', 'Sacramento Executive', ' Sacramento', ' CA'),
('SAN', 'San Diego International', ' San Diego', ' CA'),
('SAT', 'San Antonio International', ' San Antonio', ' TX'),
('SAV', 'SavannahHilton Head International', ' Savannah', ' GA'),
('SBA', 'Santa Barbara Municipal', ' Santa Barbara', ' CA'),
('SBN', 'South Bend Regional', ' South Bend', ' IN'),
('SBP', 'San Luis Obispo County', ' San Luis Obispo', ' CA'),
('SCC', 'Deadhorse', ' Deadhorse', ' AK'),
('SCE', 'University Park', ' State College', ' PA'),
('SDF', 'Louisville International', ' Louisville', ' KY'),
('SEA', 'Seattle-Tacoma International', ' Seattle', ' WA'),
('SFO', 'San Francisco International', ' San Francisco', ' CA'),
('SGF', 'Springfield-Branson Regional', ' Springfield', ' MO'),
('SGU', 'St. George Muni', ' St. George', ' UT'),
('SHV', 'Shreveport Regional', ' Shreveport', ' LA'),
('SIT', 'Sitka Rocky Gutierrez', ' Sitka', ' AK'),
('SJC', 'Norman Y. Mineta San Jose International', ' San Jose', ' CA'),
('SJT', 'San Angelo Regional  Mathis Field', ' San Angelo', ' TX'),
('SJU', 'Luis Munoz Marin International', ' San Juan', ' PR'),
('SLC', 'Salt Lake City International', ' Salt Lake City', ' UT'),
('SMF', 'Sacramento International', ' Sacramento', ' CA'),
('SMX', 'Santa Maria Public', ' Santa Maria', ' CA'),
('SNA', 'John Wayne', ' Orange County', ' CA'),
('SPN', 'Saipan International', ' Saipan', ' MP'),
('SPS', 'Sheppard AFB  Wichita Falls Muni', ' Wichita Falls', ' TX'),
('SRQ', 'Sarasota Bradenton International', ' SarasotaBradenton', ' FL'),
('STL', 'Lambert-St Louis International', ' St. Louis', ' MO'),
('STT', 'Cyril E. King', ' St. Thomas', ' VI'),
('STX', 'Henry E. Rholsen', ' St. Croix', ' VI'),
('SUN', 'Friedman Memorial', ' Hailey', ' ID'),
('SUX', 'Sioux Gateway', ' Sioux City', ' IA'),
('SWF', 'Stewart International', ' Newburgh', ' NY'),
('SYR', 'Syracuse Hancock International', ' Syracuse', ' NY'),
('TLH', 'Tallahassee Regional', ' Tallahassee', ' FL'),
('TOL', 'Toledo Express', ' Toledo', ' OH'),
('TPA', 'Tampa International', ' Tampa', ' FL'),
('TRI', 'Tri-Cities Regional', ' Bristol', ' TN'),
('TUL', 'Tulsa International', ' Tulsa', ' OK'),
('TUS', 'Tucson International', ' Tucson', ' AZ'),
('TVC', 'Cherry Capital', ' Traverse City', ' MI'),
('TWF', 'Joslin Field-Magic Valley Regional', ' Twin Falls', ' ID'),
('TXK', 'Texarkana Regional  Webb Field', ' Texarkana', ' AR'),
('TYR', 'Tyler Pounds Field', ' Tyler', ' TX'),
('TYS', 'McGhee Tyson', ' Knoxville', ' TN'),
('VCT', 'Victoria Regional', ' Victoria', ' TX'),
('VIS', 'Visalia Muni', ' Visalia', ' CA'),
('VLD', 'Valdosta Regional', ' Valdosta', ' GA'),
('VPS', 'Eglin Air Force Base', ' Valparaiso', ' FL'),
('WRG', 'Wrangell', ' Wrangell', ' AK'),
('XNA', 'Northwest Arkansas Regional', ' Fayetteville', ' AR'),
('YAK', 'Yakutat', ' Yakutat', ' AK'),
('YUM', 'Yuma Intl', ' Yuma', ' AZ');

-- --------------------------------------------------------

--
-- Dumping data for table `Class`
--

INSERT INTO `Class` (`Class_Id`, `Class_Type`, `Class_Price`) VALUES
('BS22', 'Business Class', 1.5),
('CO33', 'Coach Class', 1.25),
('FR11', 'First Class', 1.75);

-- --------------------------------------------------------

--
-- Dumping data for table `Credit_Details`
--

INSERT INTO `Credit_Details` (`Credit_Id`, `Credit_Card`, `Exp_Date`, `CVC_Code`) VALUES
(1, 343148792508080, 'Dec-18', 343),
(2, 378517521045176, 'Jun-17', 378),
(3, 371084123925427, 'Apr-17', 371),
(4, 371400927549686, 'Jul-17', 371),
(5, 376958033166088, 'Aug-16', 376),
(6, 371603004031581, 'Apr-16', 371),
(7, 346693651684750, 'May-16', 346),
(8, 374336939043184, 'Sep-17', 374),
(9, 376683287838527, 'Mar-17', 376),
(10, 347512848888828, 'Aug-16', 347),
(11, 370767450737677, 'Nov-17', 370),
(12, 349037559397171, 'Nov-17', 349),
(13, 340891668018741, 'Nov-17', 340),
(14, 341241288748138, 'Dec-17', 341),
(15, 341222123782706, 'Apr-16', 341),
(16, 375787938227963, 'Oct-17', 375),
(17, 340232564697389, 'Jan-16', 340),
(18, 348163850798916, 'Dec-17', 348),
(19, 378208540015610, 'Dec-16', 378),
(20, 349317471321016, 'Feb-16', 349),
(21, 343602911461589, 'Feb-18', 343),
(22, 349028336817144, 'Sep-18', 349),
(23, 345939641652022, 'Jun-17', 345),
(24, 370179208535447, 'Oct-16', 370),
(25, 378184114856418, 'Sep-18', 378),
(26, 343303583782325, 'Mar-18', 343),
(27, 377936110235082, 'Jun-16', 377),
(28, 379003416990783, 'Nov-16', 379),
(29, 341098934145477, 'Feb-16', 341),
(30, 376105209616617, 'Jan-18', 376),
(31, 340951959983134, 'Sep-18', 340),
(32, 371907113322033, 'Jul-18', 371),
(33, 375515476426410, 'Dec-18', 375),
(34, 374906813036353, 'Nov-18', 374),
(35, 349814330806237, 'Oct-16', 349),
(36, 375210126049073, 'Jan-18', 375),
(37, 343682407737536, 'Apr-17', 343),
(38, 377642962199141, 'Sep-18', 377),
(39, 341555148645378, 'Dec-16', 341),
(40, 371778421494586, 'Feb-17', 371),
(41, 372274830078615, 'Apr-17', 372),
(42, 348799578990390, 'May-17', 348),
(43, 377850135965930, 'Apr-17', 377),
(44, 375864663132039, 'Oct-16', 375),
(45, 342730581617684, 'Dec-16', 342),
(46, 372727681255384, 'Jun-18', 372),
(47, 341084824306023, 'Jan-17', 341),
(48, 370633450042296, 'Apr-18', 370),
(49, 377509694419826, 'Aug-17', 377),
(50, 374865598949984, 'Jun-16', 374),
(51, 348986585179683, 'Sep-18', 348),
(52, 341435301990830, 'Dec-18', 341),
(53, 372110096572752, 'Oct-16', 372),
(54, 344185621023914, 'Feb-17', 344),
(55, 375368478575044, 'Jul-18', 375),
(56, 370114290911941, 'Jul-17', 370),
(57, 375861239608286, 'Feb-17', 375),
(58, 342203317618533, 'Dec-18', 342),
(59, 347533394633343, 'May-16', 347),
(60, 372584798015627, 'Mar-17', 372),
(61, 345373906300939, 'Feb-17', 345),
(62, 348470065753762, 'Oct-18', 348),
(63, 348374747653962, 'Apr-17', 348),
(64, 370708288243009, 'Dec-17', 370),
(65, 376524909646205, 'Mar-16', 376),
(66, 346406214502850, 'Nov-17', 346),
(67, 375261896795346, 'Sep-16', 375),
(68, 374381887002600, 'Jul-17', 374),
(69, 345120492288089, 'Mar-17', 345),
(70, 342607988776877, 'Sep-18', 342),
(71, 348493524917208, 'Sep-17', 348),
(72, 348960678666336, 'Dec-16', 348),
(73, 341279663298105, 'Sep-17', 341),
(74, 341169130718373, 'Jun-17', 341),
(75, 371802072746944, 'Sep-17', 371),
(76, 345146215455168, 'Mar-17', 345),
(77, 373835738711462, 'Jun-18', 373),
(78, 340345491717169, 'Nov-16', 340),
(79, 343687512250069, 'Jul-16', 343),
(80, 372982337839640, 'Dec-17', 372),
(81, 371914502114468, 'Aug-17', 371),
(82, 343795788026954, 'Aug-17', 343),
(83, 379131155658871, 'Oct-16', 379),
(84, 343877562251378, 'Feb-18', 343),
(85, 342292423589233, 'Mar-18', 342),
(86, 340034801374628, 'Sep-17', 340),
(87, 349232524958534, 'Apr-18', 349),
(88, 376577511312780, 'Mar-18', 376),
(89, 341341583118076, 'Feb-18', 341),
(90, 371438015526935, 'Nov-18', 371),
(91, 372614965559667, 'Jun-18', 372),
(92, 373534062078594, 'Jun-17', 373),
(93, 373426130196740, 'Sep-17', 373),
(94, 341315850813890, 'May-16', 341),
(95, 348692019150346, 'Dec-17', 348),
(96, 349241556406320, 'Dec-18', 349),
(97, 341160763782935, 'Nov-16', 341),
(98, 348937179625136, 'Oct-16', 348),
(99, 346277338101980, 'May-17', 346),
(100, 371729657726456, 'Sep-16', 371);

-- --------------------------------------------------------

--
-- Dumping data for table `Distance`
--

INSERT INTO `Distance` (`From`, `To`, `Distance`, `Distance_Id`) VALUES
('LAX', 'SLC', 590.24, 300),
('LAX', 'JFK', 2469.11, 301),
('LAX', 'ATL', 1940, 302),
('LAX', 'ORD', 1740, 303),
('LAX', 'DFW', 1230, 304),
('LAX', 'FAT', 209, 305),
('LAX', 'MEM', 1610, 306),
('LAX', 'CMH', 1990, 307),
('LAX', 'DSM', 1440, 308),
('LAX', 'BOS', 2600, 309),
('LAX', 'DEN', 860, 310),
('LAX', 'IND', 1810, 311),
('LAX', 'MCO', 2210, 312),
('LAX', 'MSY', 1670, 313),
('LAX', 'PHX', 369, 314),
('LAX', 'SEA', 954, 315),
('LAX', 'IAD', 2280, 316),
('LAX', 'MSP', 1530, 317),
('LAX', 'PWM', 2630, 318),
('SLC', 'JFK', 1980, 319),
('SLC', 'ATL', 1590, 320),
('SLC', 'ORD', 1250, 321),
('SLC', 'DFW', 986, 322),
('SLC', 'FAT', 500, 323),
('SLC', 'MEM', 1260, 324),
('SLC', 'CMH', 1520, 325),
('SLC', 'DSM', 953, 326),
('SLC', 'BOS', 2100, 327),
('SLC', 'DEN', 390, 328),
('SLC', 'IND', 1350, 329),
('SLC', 'MCO', 1930, 330),
('SLC', 'MSY', 1430, 331),
('SLC', 'PHX', 508, 332),
('SLC', 'SEA', 687, 333),
('SLC', 'IAD', 1820, 334),
('SLC', 'MSP', 989, 335),
('SLC', 'PWM', 2120, 336),
('JFK', 'ATL', 760, 337),
('JFK', 'ORD', 737, 338),
('JFK', 'DFW', 1390, 339),
('JFK', 'FAT', 2460, 340),
('JFK', 'MEM', 963, 341),
('JFK', 'CMH', 481, 342),
('JFK', 'DSM', 1030, 343),
('JFK', 'BOS', 186, 344),
('JFK', 'DEN', 1620, 345),
('JFK', 'IND', 662, 346),
('JFK', 'MCO', 945, 347),
('JFK', 'MSY', 1180, 348),
('JFK', 'PHX', 2150, 349),
('JFK', 'SEA', 2410, 350),
('JFK', 'IAD', 227, 351),
('JFK', 'MSP', 1020, 352),
('JFK', 'PWM', 273, 353),
('ATL', 'ORD', 606, 354),
('ATL', 'DFW', 729, 355),
('ATL', 'FAT', 1990, 356),
('ATL', 'MEM', 330, 357),
('ATL', 'CMH', 448, 358),
('ATL', 'DSM', 741, 359),
('ATL', 'BOS', 945, 360),
('ATL', 'DEN', 1200, 361),
('ATL', 'IND', 433, 362),
('ATL', 'MCO', 404, 363),
('ATL', 'MSY', 424, 364),
('ATL', 'PHX', 1580, 365),
('ATL', 'SEA', 2180, 366),
('ATL', 'IAD', 535, 367),
('ATL', 'MSP', 906, 368),
('ATL', 'PWM', 1030, 369),
('ORD', 'DFW', 801, 370),
('ORD', 'FAT', 1730, 371),
('ORD', 'MEM', 492, 372),
('ORD', 'CMH', 295, 373),
('ORD', 'DSM', 297, 374),
('ORD', 'BOS', 863, 375),
('ORD', 'DEN', 885, 376),
('ORD', 'IND', 177, 377),
('ORD', 'MCO', 1010, 378),
('ORD', 'MSY', 838, 379),
('ORD', 'PHX', 1440, 380),
('ORD', 'SEA', 1710, 381),
('ORD', 'IAD', 587, 382),
('ORD', 'MSP', 333, 383),
('ORD', 'PWM', 897, 384),
('DFW', 'FAT', 1310, 385),
('DFW', 'MEM', 430, 386),
('DFW', 'CMH', 925, 387),
('DFW', 'DSM', 624, 388),
('DFW', 'BOS', 1560, 389),
('DFW', 'DEN', 640, 390),
('DFW', 'IND', 761, 391),
('DFW', 'MCO', 983, 392),
('DFW', 'MSY', 448, 393),
('DFW', 'PHX', 865, 394),
('DFW', 'SEA', 1660, 395),
('DFW', 'IAD', 1170, 396),
('DFW', 'MSP', 852, 397),
('DFW', 'PWM', 1620, 398),
('FAT', 'MEM', 1660, 399),
('FAT', 'CMH', 1990, 400),
('FAT', 'DSM', 1430, 401),
('FAT', 'BOS', 2590, 402),
('FAT', 'DEN', 842, 403),
('FAT', 'IND', 1810, 404),
('FAT', 'MCO', 2290, 405),
('FAT', 'MSY', 1750, 406),
('FAT', 'PHX', 492, 407),
('FAT', 'SEA', 749, 408),
('FAT', 'IAD', 2290, 409),
('FAT', 'MSP', 1490, 410),
('FAT', 'PWM', 2610, 411),
('MEM', 'CMH', 518, 412),
('MEM', 'DSM', 490, 413),
('MEM', 'BOS', 1140, 414),
('MEM', 'DEN', 870, 415),
('MEM', 'IND', 382, 416),
('MEM', 'MCO', 683, 417),
('MEM', 'MSY', 350, 418),
('MEM', 'PHX', 1260, 419),
('MEM', 'SEA', 1870, 420),
('MEM', 'IAD', 741, 421),
('MEM', 'MSP', 701, 422),
('MEM', 'PWM', 1200, 423),
('CMH', 'DSM', 572, 424),
('CMH', 'BOS', 637, 425),
('CMH', 'DEN', 1150, 426),
('CMH', 'IND', 181, 427),
('CMH', 'MCO', 803, 428),
('CMH', 'MSY', 807, 429),
('CMH', 'PHX', 1670, 430),
('CMH', 'SEA', 2010, 431),
('CMH', 'IAD', 298, 432),
('CMH', 'MSP', 624, 433),
('CMH', 'PWM', 693, 434),
('DSM', 'BOS', 1160, 435),
('DSM', 'DEN', 588, 436),
('DSM', 'IND', 406, 437),
('DSM', 'MCO', 1140, 438),
('DSM', 'MSY', 820, 439),
('DSM', 'PHX', 1150, 440),
('DSM', 'SEA', 1460, 441),
('DSM', 'IAD', 870, 442),
('DSM', 'MSP', 232, 443),
('DSM', 'PWM', 1190, 444),
('BOS', 'DEN', 1750, 445),
('BOS', 'IND', 814, 446),
('BOS', 'MCO', 1120, 447),
('BOS', 'MSY', 1370, 448),
('BOS', 'PHX', 2290, 449),
('BOS', 'SEA', 2490, 450),
('BOS', 'IAD', 411, 451),
('BOS', 'MSP', 1120, 452),
('BOS', 'PWM', 95.3, 453),
('DEN', 'IND', 974, 454),
('DEN', 'MCO', 1540, 455),
('DEN', 'MSY', 1060, 456),
('DEN', 'PHX', 601, 457),
('DEN', 'SEA', 1020, 458),
('DEN', 'IAD', 1450, 459),
('DEN', 'MSP', 679, 460),
('DEN', 'PWM', 1780, 461),
('IND', 'MCO', 829, 462),
('IND', 'MSY', 710, 463),
('IND', 'PHX', 1490, 464),
('IND', 'SEA', 1860, 465),
('IND', 'IAD', 474, 466),
('IND', 'MSP', 502, 467),
('IND', 'PWM', 865, 468),
('MCO', 'MSY', 550, 469),
('MCO', 'PHX', 1840, 470),
('MCO', 'SEA', 2550, 471),
('MCO', 'IAD', 759, 472),
('MCO', 'MSP', 1310, 473),
('MCO', 'PWM', 1210, 474),
('MSY', 'PHX', 1300, 475),
('MSY', 'SEA', 2080, 476),
('MSY', 'IAD', 955, 477),
('MSY', 'MSP', 1040, 478),
('MSY', 'PWM', 1440, 479),
('PHX', 'SEA', 1110, 480),
('PHX', 'IAD', 1950, 481),
('PHX', 'MSP', 1270, 482),
('PHX', 'PWM', 2330, 483),
('SEA', 'IAD', 2300, 484),
('SEA', 'MSP', 1390, 485),
('SEA', 'PWM', 2480, 486),
('IAD', 'MSP', 905, 487),
('IAD', 'PWM', 492, 488),
('MSP', 'PWM', 1130, 489);

-- --------------------------------------------------------

--
-- Dumping data for table `Flights`
--

INSERT INTO `Flights` (`Flight_Number`, `Flight_Date`, `Tail_Number`, `Status`, `Departure_Time`, `Distance_Id`, `Arrival_Time`) VALUES
('700-DL', '2015-12-04 23:48:24', '605LR', 'On-Time', '14:49:58', 300, '16:49:58'),
('701-DL', '2015-12-22 22:11:53', '131EV', 'Delayed', '16:11:53', 301, '19:11:53'),
('702-DL', '2015-02-22 04:18:41', '132EV', 'Cancelled', '22:18:41', 302, '23:18:41'),
('703-DL', '2015-07-22 17:12:24', '133EV', 'Delayed', '12:12:24', 303, '17:12:24'),
('704-DL', '2015-01-10 17:14:01', '135EV', 'Cancelled', '11:14:01', 304, '00:14:01'),
('705-DL', '2015-12-04 23:49:08', '136EV', 'On-Time', '14:12:48', 305, '20:12:48'),
('706-DL', '2015-12-04 23:49:03', '137EV', 'On-Time', '22:06:05', 306, '23:06:05'),
('707-DL', '2015-01-02 22:19:36', '138EV', 'Delayed', '16:19:36', 307, '22:19:36'),
('708-DL', '2015-07-18 10:53:49', '601LR', 'Cancelled', '05:53:49', 308, '08:53:49'),
('709-DL', '2015-12-04 23:48:58', '602LR', 'On-Time', '21:54:52', 309, '21:54:52'),
('710-STH', '2015-12-04 23:48:53', '8791Q', 'On-Time', '13:02:12', 310, '13:02:12'),
('711-STH', '2015-04-13 13:36:37', '8791Q', 'Cancelled', '08:36:37', 311, '11:36:37'),
('712-STH', '2015-12-04 23:48:48', '8791Q', 'On-Time', '20:01:03', 312, '23:01:03'),
('713-STH', '2015-11-08 08:05:47', '8791Q', 'Cancelled', '02:05:47', 313, '11:05:47'),
('714-STH', '2015-12-20 19:33:05', '8791Q', 'Cancelled', '13:33:05', 314, '15:33:05'),
('715-STH', '2015-12-04 23:48:41', '61940', 'On-Time', '04:42:35', 315, '09:42:35'),
('716-STH', '2015-04-29 23:28:23', '61940', 'Delayed', '18:28:23', 316, '21:28:23'),
('717-STH', '2015-08-15 03:34:51', '61940', 'Delayed', '22:34:51', 317, '23:34:51'),
('718-STH', '2015-12-02 23:40:35', '61940', 'Cancelled', '17:40:35', 318, '21:40:35'),
('719-STH', '2015-11-09 04:04:07', '61940', 'Delayed', '22:04:07', 319, '23:04:07'),
('720-CON', '2015-07-21 19:29:35', '13975', 'Cancelled', '14:29:35', 320, '18:29:35'),
('721-CON', '2015-11-09 15:42:19', '13978', 'Delayed', '09:42:19', 321, '11:42:19'),
('722-CON', '2015-04-12 07:01:27', '13979', 'Cancelled', '02:01:27', 322, '06:01:27'),
('723-CON', '2015-12-04 23:48:34', '13988', 'On-Time', '07:32:53', 323, '11:32:53'),
('724-CON', '2015-07-30 14:15:47', '13989', 'Delayed', '09:15:47', 324, '10:15:47'),
('725-CON', '2015-12-20 12:48:18', '13990', 'Delayed', '06:48:18', 325, '11:48:18'),
('726-CON', '2015-04-29 12:22:30', '13992', 'Cancelled', '07:22:30', 326, '10:22:30'),
('727-CON', '2015-12-04 23:48:29', '14931', 'On-Time', '10:18:30', 327, '11:18:30'),
('728-CON', '2015-02-03 11:55:13', '14977', 'Delayed', '05:55:13', 328, '08:55:13'),
('729-CON', '2015-11-27 23:35:34', '14991', 'Cancelled', '17:35:34', 329, '21:35:34');

-- --------------------------------------------------------

--
-- Dumping data for table `Flight_Fare`
--

INSERT INTO `Flight_Fare` (`Start_Date`, `End_Date`, `Cost_Per_Mile`) VALUES
('2015-01-01', '2015-04-30', 0.11),
('2015-05-01', '2015-08-31', 0.15),
('2015-09-01', '2015-12-31', 0.17);

-- --------------------------------------------------------

--
-- Dumping data for table `Meals`
--

INSERT INTO `Meals` (`Meal_Id`, `Meal_Type`) VALUES
(7777, 'Vegetarian'),
(8888, 'Regular'),
(9999, 'Kosher');

-- --------------------------------------------------------

--
-- Dumping data for table `Price`
--

INSERT INTO `Price` (`Reservation_Price`, `Reservation_Id`) VALUES
(311, '566242fea9007'),
(279.5, '566242fec4fd5'),
(266, '566242fed3bdf'),
(196.2, '566242fedc910'),
(323.7, '566242fee38bf'),
(308.4, '566242ff08ab6'),
(407, '566242ff1a557'),
(150.341, '566242ff1e8cf'),
(92.9, '566242ff3330f'),
(279.5, '566242ff46263'),
(135, '566242ff4aa7f'),
(311, '566242ff4f896'),
(212.18, '566242feb7599'),
(469.749, '566242fec08f4'),
(212.18, '566242fec96a8'),
(112.73, '566242fecf4f0'),
(212.18, '566242fee8596'),
(425.7, '566242fef1086'),
(154.83, '566242fef3fca'),
(300.8, '566242ff0f8da'),
(85.53, '566242ff12f2e'),
(212.18, '566242ff24715'),
(469.749, '566242ff28ec3'),
(279.5, '566242ff3c01d'),
(150.341, '566242feb00a3'),
(185.3, '566242feb2f70'),
(497.1, '566242febbc71'),
(279.5, '566242ff2dd36'),
(239, '566242ff40e38'),
(469.749, '566242ff54b59');

-- --------------------------------------------------------

--
-- Dumping data for table `Reservations`
--

INSERT INTO `Reservations` (`Reservations_Id`, `Flight_Number`, `Flight_Date`, `Seat_Number`, `Meal_Id`, `UUID`, `Class_Id`) VALUES
('566242fea9007', '703-DL', '2015-07-22 17:12:24', '4', 8888, '5660ae2c7d834', 'BS22'),
('566242feb00a3', '700-DL', '2015-12-04 23:48:24', '1', 9999, '5660ae2b29357', 'BS22'),
('566242feb2f70', '704-DL', '2015-01-10 17:14:01', '12', 9999, '5660ae2ab6e67', 'FR11'),
('566242feb7599', '715-STH', '2015-12-04 23:48:41', '4', 8888, '5660ae2b8a2cd', 'FR11'),
('566242febbc71', '718-STH', '2015-12-02 23:40:35', '4', 9999, '5660ae2b9bb7a', 'BS22'),
('566242fec08f4', '701-DL', '2015-12-22 22:11:53', '12', 8888, '5660ae2d60c81', 'BS22'),
('566242fec4fd5', '717-STH', '2015-08-15 03:34:51', '3', 7777, '5660ae2b5e120', 'CO33'),
('566242fec96a8', '715-STH', '2015-12-04 23:48:41', '4', 8888, '5660ae2b5056f', 'BS22'),
('566242fecf4f0', '714-STH', '2015-12-20 19:33:05', '5', 8888, '5660ae2d782a7', 'CO33'),
('566242fed3bdf', '708-DL', '2015-07-18 10:53:49', '17', 7777, '5660ae2c03b4c', 'CO33'),
('566242fedc910', '710-STH', '2015-12-04 23:48:53', '1', 7777, '5660ae2c7d834', 'BS22'),
('566242fee38bf', '706-DL', '2015-12-04 23:49:03', '16', 7777, '5660ae2c98d8c', 'BS22'),
('566242fee8596', '715-STH', '2015-12-04 23:48:41', '4', 8888, '5660ae2d4f198', 'BS22'),
('566242fef1086', '712-STH', '2015-12-04 23:48:48', '5', 8888, '5660ae2ad058c', 'BS22'),
('566242fef3fca', '726-CON', '2015-04-29 12:22:30', '49', 8888, '5660ae2b57353', 'CO33'),
('566242ff08ab6', '725-CON', '2015-12-20 12:48:18', '15', 7777, '5660ae2d66ad2', 'CO33'),
('566242ff0f8da', '716-STH', '2015-04-29 23:28:23', '1', 8888, '5660ae2d66ad2', 'CO33'),
('566242ff12f2e', '705-DL', '2015-12-04 23:49:08', '9', 8888, '5660ae2c6c9a9', 'FR11'),
('566242ff1a557', '727-CON', '2015-12-04 23:48:29', '53', 7777, '5660ae2b2e1cb', 'BS22'),
('566242ff1e8cf', '700-DL', '2015-12-04 23:48:24', '7', 7777, '5660ae2d22cbc', 'BS22'),
('566242ff24715', '715-STH', '2015-12-04 23:48:41', '2', 8888, '5660ae2ac8855', 'CO33'),
('566242ff28ec3', '701-DL', '2015-12-22 22:11:53', '8', 8888, '5660ae2ca37d2', 'BS22'),
('566242ff2dd36', '717-STH', '2015-08-15 03:34:51', '4', 9999, '5660ae2c7d834', 'FR11'),
('566242ff3330f', '728-CON', '2015-02-03 11:55:13', '21', 7777, '5660ae2ca95d4', 'CO33'),
('566242ff3c01d', '729-CON', '2015-11-27 23:35:34', '13', 8888, '5660ae2ca37d2', 'BS22'),
('566242ff40e38', '724-CON', '2015-07-30 14:15:47', '24', 9999, '5660ae2d31d2e', 'BS22'),
('566242ff46263', '729-CON', '2015-11-27 23:35:34', '23', 7777, '5660ae2d10305', 'BS22'),
('566242ff4aa7f', '723-CON', '2015-12-04 23:48:34', '15', 7777, '5660ae2d54feb', 'CO33'),
('566242ff4f896', '703-DL', '2015-07-22 17:12:24', '12', 7777, '5660ae2b57353', 'BS22'),
('566242ff54b59', '701-DL', '2015-12-22 22:11:53', '8', 9999, '5660ae2c84576', 'FR11');

-- --------------------------------------------------------

--
-- Dumping data for table `Role`
--

INSERT INTO `Role` (`Role_Id`, `User_Type`) VALUES
(1111, 'Admin'),
(2222, 'Staff'),
(3333, 'Passenger');

-- --------------------------------------------------------

--
-- Dumping data for table `Users`
--

INSERT INTO `Users` (`UUID`, `Last_Name`, `First_Name`, `Street`, `City`, `State`, `Zip_Code`, `Email_Address`, `Password`, `Phone_Number`, ` Role_Id`, `Credit_Id`) VALUES
('5660ae2ab6e67', 'ortega', 'martin', '8325 avenida de américa', 'pamplona', 'navarra', '47696', 'martin.ortega@example.com', 'holiday', '996-614-689', 3333, 2),
('5660ae2abeb5a', 'castillo', 'lorenzo', '9588 calle de arturo soria', 'vitoria', 'cataluña', '36691', 'lorenzo.castillo@example.com', 'elite', '926-528-993', 1111, 3),
('5660ae2ac5917', 'esteban', 'christian', '2962 ronda de toledo', 'lugo', 'cataluña', '16531', 'christian.esteban@example.com', 'prelude', '922-655-420', 2222, 4),
('5660ae2ac8855', 'arias', 'carla', '6218 calle de la democracia', 'albacete', 'comunidad valenc', '53111', 'carla.arias@example.com', 'zerocool', '932-463-085', 3333, 5),
('5660ae2ad058c', 'saez', 'diego', '9189 calle de bravo murillo', 'málaga', 'aragón', '25465', 'diego.saez@example.com', 'uuuu', '955-059-718', 3333, 6),
('5660ae2ad4d8e', 'carrasco', 'vanesa', '9917 calle del arenal', 'jerez de la fron', 'país vasco', '13116', 'vanesa.carrasco@example.com', 'backbone', '979-635-214', 2222, 7),
('5660ae2adab9c', 'gallego', 'yolanda', '7354 calle del arenal', 'cuenca', 'castilla la manc', '84091', 'yolanda.gallego@example.com', 'pinky1', '911-768-918', 3333, 8),
('5660ae2ae09cc', 'hernandez', 'asuncion', '3007 calle de pedro bosch', 'barcelona', 'cantabria', '37046', 'asuncion.hernandez@example.com', 'ferris', '948-724-510', 1111, 9),
('5660ae2ae67e7', 'lorenzo', 'asuncion', '5244 paseo de extremadura', 'burgos', 'castilla la manc', '61927', 'asuncion.lorenzo@example.com', 'whitey', '909-261-720', 1111, 10),
('5660ae2aec616', 'guerrero', 'mariano', '4940 calle de alcalá', 'oviedo', 'ceuta', '87032', 'mariano.guerrero@example.com', 'ncc1701', '994-611-088', 1111, 11),
('5660ae2b0227c', 'lopez', 'manuela', '5736 avenida de la albufera', 'valencia', 'comunidad valenc', '62840', 'manuela.lopez@example.com', 'jabroni', '941-156-304', 2222, 12),
('5660ae2b08d7c', 'ortiz', 'iker', '6333 paseo de zorrilla', 'lugo', 'país vasco', '25169', 'iker.ortiz@example.com', 'browns', '986-484-203', 1111, 13),
('5660ae2b10340', 'ruiz', 'joan', '4385 avenida de burgos', 'castellón de la', 'cantabria', '58625', 'joan.ruiz@example.com', 'asdfghjk', '942-407-260', 2222, 14),
('5660ae2b17901', 'blanco', 'iker', '5524 calle de la almudena', 'pamplona', 'cantabria', '21329', 'iker.blanco@example.com', 'milfnew', '998-719-680', 1111, 15),
('5660ae2b1d744', 'nuñez', 'rosario', '9858 calle de toledo', 'madrid', 'país vasco', '35379', 'rosario.nuñez@example.com', '1949', '906-825-491', 3333, 16),
('5660ae2b254a4', 'gonzalez', 'rocio', '3749 avenida de burgos', 'almería', 'la rioja', '49166', 'rocio.gonzalez@example.com', 'cabron', '903-268-958', 1111, 17),
('5660ae2b29357', 'castro', 'aitor', '7053 calle de téllez', 'málaga', 'la rioja', '23238', 'aitor.castro@example.com', 'heidi', '946-494-336', 2222, 18),
('5660ae2b2e1cb', 'aguilar', 'valentin', '9530 avenida de américa', 'cuenca', 'cataluña', '78534', 'valentin.aguilar@example.com', 'lithium', '927-944-681', 2222, 19),
('5660ae2b34fae', 'gimenez', 'susana', '1233 avenida del planetario', 'elche', 'la rioja', '37826', 'susana.gimenez@example.com', 'eleven', '967-339-278', 3333, 20),
('5660ae2b3bd72', 'medina', 'milagros', '8437 paseo de extremadura', 'alicante', 'asturias', '58194', 'milagros.medina@example.com', 'kissme', '990-339-680', 2222, 21),
('5660ae2b42b25', 'moreno', 'maria', '3962 avenida de la albufera', 'pozuelo de alarc', 'cataluña', '25102', 'maria.moreno@example.com', 'sail', '967-881-480', 2222, 22),
('5660ae2b497a1', 'ramirez', 'tomas', '2424 paseo de extremadura', 'barcelona', 'andalucía', '88517', 'tomas.ramirez@example.com', 'crazy1', '947-410-529', 1111, 23),
('5660ae2b5056f', 'fuentes', 'esteban', '6917 avenida de castilla', 'pamplona', 'cataluña', '71448', 'esteban.fuentes@example.com', 'smeller', '919-713-290', 3333, 24),
('5660ae2b57353', 'bravo', 'ivan', '1617 calle de Ángel garcía', 'toledo', 'la rioja', '20536', 'ivan.bravo@example.com', 'beng', '981-697-328', 3333, 25),
('5660ae2b5e120', 'esteban', 'mariano', '2657 calle de Ángel garcía', 'alcobendas', 'comunidad valenc', '83091', 'mariano.esteban@example.com', 'aaron', '926-897-326', 2222, 26),
('5660ae2b64f04', 'marquez', 'anna', '3051 calle de ferraz', 'ciudad real', 'ceuta', '66307', 'anna.marquez@example.com', '1x2zkg8w', '975-180-976', 3333, 27),
('5660ae2b6ebc0', 'molina', 'andrea', '5959 calle de tetuán', 'valencia', 'castilla la manc', '55981', 'andrea.molina@example.com', 'storms', '998-293-118', 3333, 28),
('5660ae2b7b76f', 'pascual', 'albert', '9406 calle del arenal', 'santa cruz de te', 'asturias', '31576', 'albert.pascual@example.com', 'hawaii', '956-121-695', 2222, 29),
('5660ae2b7f659', 'velasco', 'mariano', '3440 calle mota', 'santiago de comp', 'cantabria', '93890', 'mariano.velasco@example.com', 'badgirl', '911-763-962', 3333, 30),
('5660ae2b8a2cd', 'alonso', 'mar', '9835 ronda de toledo', 'sevilla', 'navarra', '28788', 'mar.alonso@example.com', 'duffy', '983-413-781', 3333, 31),
('5660ae2b92047', 'gallardo', 'trinidad', '7525 calle de bravo murillo', 'parla', 'región de murci', '92688', 'trinidad.gallardo@example.com', 'julie', '912-077-338', 3333, 32),
('5660ae2b9592d', 'moya', 'trinidad', '4224 calle de alberto aguilera', 'castellón de la', 'galicia', '16719', 'trinidad.moya@example.com', 'custom', '906-931-876', 2222, 33),
('5660ae2b9bb7a', 'marquez', 'claudia', '6855 calle de atocha', 'castellón de la', 'castilla la manc', '79507', 'claudia.marquez@example.com', 'oatmeal', '902-997-234', 3333, 34),
('5660ae2ba33b0', 'marquez', 'raquel', '8650 calle de la luna', 'alcalá de henar', 'comunidad valenc', '26872', 'raquel.marquez@example.com', 'shogun', '944-752-594', 1111, 35),
('5660ae2ba9739', 'rubio', 'montserrat', '2969 avenida de la albufera', 'murcia', 'castilla y león', '53482', 'montserrat.rubio@example.com', 'sound', '993-292-426', 2222, 36),
('5660ae2bb050d', 'cano', 'josep', '5679 calle de la almudena', 'málaga', 'melilla', '15859', 'josep.cano@example.com', 'monika', '932-649-954', 2222, 37),
('5660ae2bb72dd', 'sanchez', 'borja', '8241 calle de tetuán', 'lorca', 'extremadura', '25242', 'borja.sanchez@example.com', 'blue12', '904-189-158', 1111, 38),
('5660ae2bbf92b', 'vargas', 'juana', '2713 calle de bravo murillo', 'orense', 'región de murci', '53998', 'juana.vargas@example.com', 'clock', '976-093-574', 1111, 39),
('5660ae2bc5795', 'herrera', 'julian', '8534 calle de la democracia', 'orihuela', 'cataluña', '45266', 'julian.herrera@example.com', 'kenshin', '901-397-292', 3333, 40),
('5660ae2bcb5b8', 'lozano', 'lorena', '4522 calle de arturo soria', 'talavera de la r', 'comunidad de mad', '84546', 'lorena.lozano@example.com', 'sherry', '991-086-933', 1111, 41),
('5660ae2bd13d1', 'serrano', 'catalina', '6300 calle del pez', 'fuenlabrada', 'cantabria', '11484', 'catalina.serrano@example.com', 'beech', '963-611-933', 2222, 42),
('5660ae2bd8f25', 'mendez', 'noelia', '3663 calle de bravo murillo', 'alcalá de henar', 'castilla la manc', '21146', 'noelia.mendez@example.com', 'louie', '986-272-551', 3333, 43),
('5660ae2be33d5', 'roman', 'soledad', '1222 calle de atocha', 'la coruña', 'galicia', '45958', 'soledad.roman@example.com', 'fiesta', '980-940-478', 2222, 44),
('5660ae2bea985', 'cano', 'gregorio', '1432 avenida de américa', 'fuenlabrada', 'asturias', '40094', 'gregorio.cano@example.com', 'nine', '902-161-227', 1111, 45),
('5660ae2bf07d7', 'prieto', 'carla', '6106 calle de la luna', 'san sebastián', 'canarias', '43434', 'carla.prieto@example.com', 'duster', '993-050-794', 3333, 46),
('5660ae2c03b4c', 'vega', 'ismael', '8364 calle de tetuán', 'santander', 'galicia', '87643', 'ismael.vega@example.com', 'lalalala', '939-754-854', 2222, 47),
('5660ae2c099a1', 'carrasco', 'maria', '5005 calle de bravo murillo', 'torrevieja', 'ceuta', '94330', 'maria.carrasco@example.com', 'infantry', '902-248-599', 1111, 48),
('5660ae2c0e365', 'fernandez', 'valentin', '8128 calle de pedro bosch', 'vitoria', 'aragón', '16582', 'valentin.fernandez@example.com', 'dude', '918-062-129', 2222, 49),
('5660ae2c15143', 'aguilar', 'carlos', '6683 calle de Ángel garcía', 'murcia', 'islas baleares', '54868', 'carlos.aguilar@example.com', 'california', '962-753-673', 1111, 50),
('5660ae2c1bf15', 'fernandez', 'ivan', '5540 calle de alcalá', 'torrevieja', 'navarra', '60522', 'ivan.fernandez@example.com', 'granada', '961-199-845', 1111, 51),
('5660ae2c26741', 'marin', 'blanca', '6598 avenida de burgos', 'talavera de la r', 'país vasco', '17250', 'blanca.marin@example.com', 'trace', '926-094-281', 2222, 52),
('5660ae2c2d50c', 'iglesias', 'juana', '8774 calle del arenal', 'alcalá de henar', 'región de murci', '90139', 'juana.iglesias@example.com', 'kingdom', '954-324-167', 2222, 53),
('5660ae2c327ed', 'blanco', 'encarnacion', '5521 paseo de zorrilla', 'córdoba', 'la rioja', '46774', 'encarnacion.blanco@example.com', 'dorian', '934-746-967', 1111, 54),
('5660ae2c3e3f2', 'fuentes', 'guillermo', '7658 calle de alcalá', 'madrid', 'islas baleares', '52648', 'guillermo.fuentes@example.com', 'tara', '930-461-631', 1111, 55),
('5660ae2c45216', 'reyes', 'amparo', '8365 calle de tetuán', 'hospitalet de ll', 'región de murci', '36390', 'amparo.reyes@example.com', 'harvard', '949-922-621', 1111, 56),
('5660ae2c4812f', 'garrido', 'xavier', '5581 avenida de burgos', 'lorca', 'asturias', '90135', 'xavier.garrido@example.com', 'hardball', '900-410-781', 3333, 57),
('5660ae2c52d80', 'roman', 'julia', '5190 calle de arganzuela', 'santander', 'comunidad de mad', '86548', 'julia.roman@example.com', 'oliver1', '946-830-161', 1111, 58),
('5660ae2c5905f', 'parra', 'julian', '4218 calle mota', 'santander', 'canarias', '27309', 'julian.parra@example.com', 'a1b2c3', '961-113-183', 1111, 59),
('5660ae2c5bf83', 'ramirez', 'fernando', '8722 avenida del planetario', 'orense', 'aragón', '58388', 'fernando.ramirez@example.com', 'trauma', '950-008-840', 2222, 60),
('5660ae2c65c05', 'vidal', 'consuelo', '7518 calle del pez', 'mérida', 'comunidad valenc', '83417', 'consuelo.vidal@example.com', 'apollo', '983-105-906', 3333, 61),
('5660ae2c6c9a9', 'carrasco', 'ruben', '1418 calle del barquillo', 'pozuelo de alarc', 'galicia', '47566', 'ruben.carrasco@example.com', 'manila', '994-611-861', 3333, 62),
('5660ae2c6fcff', 'garcia', 'benito', '7875 calle de pedro bosch', 'pontevedra', 'ceuta', '94078', 'benito.garcia@example.com', 'liverpoo', '927-316-187', 1111, 63),
('5660ae2c7a4e6', 'gimenez', 'milagros', '2008 avenida de américa', 'murcia', 'asturias', '26523', 'milagros.gimenez@example.com', 'kimber', '913-464-790', 1111, 64),
('5660ae2c7d834', 'mendez', 'diego', '3134 calle de arganzuela', 'guadalajara', 'melilla', '19540', 'diego.mendez@example.com', 'chiks', '960-363-945', 3333, 65),
('5660ae2c84576', 'leon', 'consuelo', '9777 paseo de extremadura', 'lugo', 'comunidad de mad', '20833', 'consuelo.leon@example.com', 'heka6w2', '924-411-103', 3333, 66),
('5660ae2c8b2b4', 'diaz', 'sara', '4468 avenida de castilla', 'mérida', 'país vasco', '57815', 'sara.diaz@example.com', 'motor', '997-942-392', 2222, 67),
('5660ae2c92009', 'castro', 'samuel', '8094 calle de argumosa', 'pozuelo de alarc', 'melilla', '28584', 'samuel.castro@example.com', 'pickles', '971-916-057', 2222, 68),
('5660ae2c98d8c', 'rodriguez', 'julia', '1161 avenida de burgos', 'arrecife', 'extremadura', '26368', 'julia.rodriguez@example.com', 'reggae', '956-906-728', 1111, 69),
('5660ae2ca37d2', 'marin', 'domingo', '5138 calle del arenal', 'torrejón de ard', 'cataluña', '84156', 'domingo.marin@example.com', 'speaker', '964-683-041', 1111, 70),
('5660ae2ca95d4', 'navarro', 'cristobal', '2335 calle de pedro bosch', 'toledo', 'extremadura', '96848', 'cristobal.navarro@example.com', 'hillary', '964-326-845', 3333, 71),
('5660ae2cae446', 'reyes', 'isabel', '7066 avenida de andalucía', 'san sebastián', 'cantabria', '51100', 'isabel.reyes@example.com', 'kittys', '969-996-766', 1111, 72),
('5660ae2cb32ca', 'marquez', 'martin', '6896 calle de téllez', 'elche', 'aragón', '83771', 'martin.marquez@example.com', 'muppet', '958-823-942', 2222, 73),
('5660ae2cb813d', 'fernandez', 'rafael', '9521 ronda de toledo', 'barcelona', 'islas baleares', '35478', 'rafael.fernandez@example.com', 'iceberg', '940-036-655', 2222, 74),
('5660ae2cbdbf0', 'fuentes', 'rodrigo', '8415 calle del prado', 'mérida', 'ceuta', '14008', 'rodrigo.fuentes@example.com', 'trustme', '900-147-988', 3333, 75),
('5660ae2cc3a42', 'jimenez', 'alba', '2292 calle de arturo soria', 'palma de mallorc', 'la rioja', '71238', 'alba.jimenez@example.com', 'vanilla', '973-728-439', 3333, 76),
('5660ae2ccaff8', 'soler', 'andres', '2956 calle del prado', 'parla', 'melilla', '83156', 'andres.soler@example.com', 'cutlass', '916-281-835', 2222, 77),
('5660ae2cd3d14', 'vidal', 'belen', '3324 calle de arganzuela', 'la coruña', 'cataluña', '27086', 'belen.vidal@example.com', 'meme', '966-402-799', 2222, 78),
('5660ae2cdca47', 'hidalgo', 'martin', '5759 calle de argumosa', 'gijón', 'la rioja', '79488', 'martin.hidalgo@example.com', 'fortuna', '959-037-071', 1111, 79),
('5660ae2ce5776', 'navarro', 'luisa', '9541 calle del arenal', 'pamplona', 'país vasco', '52721', 'luisa.navarro@example.com', 'toocool', '982-166-988', 1111, 80),
('5660ae2cf2af6', 'alonso', 'consuelo', '7301 avenida de burgos', 'málaga', 'castilla la manc', '46636', 'consuelo.alonso@example.com', 'jeremy1', '996-668-333', 3333, 81),
('5660ae2d07627', 'sanz', 'cesar', '4660 calle de pedro bosch', 'las palmas de gr', 'aragón', '79215', 'cesar.sanz@example.com', 'archer', '974-175-226', 2222, 82),
('5660ae2d10305', 'torres', 'remedios', '2134 calle del arenal', 'toledo', 'país vasco', '73415', 'remedios.torres@example.com', 'hotshot', '921-971-350', 2222, 83),
('5660ae2d1805d', 'reyes', 'remedios', '5419 avenida del planetario', 'torrevieja', 'región de murci', '14072', 'remedios.reyes@example.com', 'peace1', '910-318-034', 1111, 84),
('5660ae2d22cbc', 'campos', 'mario', '2628 calle de arganzuela', 'pontevedra', 'la rioja', '20155', 'mario.campos@example.com', 'flounder', '976-412-489', 1111, 85),
('5660ae2d2bed8', 'castillo', 'luisa', '1235 calle de argumosa', 'torrevieja', 'galicia', '99821', 'luisa.castillo@example.com', 'latino', '947-883-095', 3333, 86),
('5660ae2d31d2e', 'gallego', 'carla', '7074 paseo de zorrilla', 'madrid', 'extremadura', '54150', 'carla.gallego@example.com', 'buzzer', '915-590-902', 3333, 87),
('5660ae2d37b70', 'medina', 'agustin', '3370 avenida de américa', 'pontevedra', 'comunidad de mad', '32322', 'agustin.medina@example.com', 'doogie', '916-938-154', 3333, 88),
('5660ae2d3d9c4', 'santiago', 'mariano', '2914 calle de atocha', 'arrecife', 'extremadura', '60616', 'mariano.santiago@example.com', 'again', '953-376-159', 1111, 89),
('5660ae2d43819', 'cabrera', 'german', '5158 calle de arturo soria', 'santa cruz de te', 'región de murci', '85024', 'german.cabrera@example.com', 'home', '922-080-269', 1111, 90),
('5660ae2d49343', 'rubio', 'marc', '2020 calle de argumosa', 'lorca', 'canarias', '81317', 'marc.rubio@example.com', 'heinrich', '982-261-721', 1111, 91),
('5660ae2d4f198', 'perez', 'nieves', '8725 calle de arganzuela', 'fuenlabrada', 'melilla', '15315', 'nieves.perez@example.com', 'ling', '960-517-173', 1111, 92),
('5660ae2d54feb', 'saez', 'beatriz', '5131 calle de bravo murillo', 'pontevedra', 'galicia', '85570', 'beatriz.saez@example.com', 'thegreat', '915-753-825', 1111, 93),
('5660ae2d5ae3d', 'ramos', 'german', '8681 calle nebrija', 'lorca', 'comunidad de mad', '78606', 'german.ramos@example.com', 'magician', '911-223-820', 3333, 94),
('5660ae2d60c81', 'herrero', 'ricardo', '3429 calle del prado', 'fuenlabrada', 'comunidad de mad', '88539', 'ricardo.herrero@example.com', 'nimitz', '910-719-682', 2222, 95),
('5660ae2d66ad2', 'cruz', 'hector', '2451 calle del prado', 'guadalajara', 'comunidad valenc', '36947', 'hector.cruz@example.com', 'swallow', '923-097-506', 3333, 96),
('5660ae2d6c614', 'navarro', 'trinidad', '4602 calle de pedro bosch', 'burgos', 'región de murci', '18335', 'trinidad.navarro@example.com', 'fruit', '957-712-357', 2222, 97),
('5660ae2d72461', 'bravo', 'margarita', '5163 avenida del planetario', 'mérida', 'comunidad valenc', '87573', 'margarita.bravo@example.com', '414141', '905-028-934', 1111, 98),
('5660ae2d782a7', 'dominguez', 'alfredo', '2037 calle del barquillo', 'zaragoza', 'región de murci', '58894', 'alfredo.dominguez@example.com', 'chaser', '948-361-675', 2222, 99),
('5660ae2d7e0fb', 'gallego', 'noelia', '4606 avenida de américa', 'las palmas de gr', 'canarias', '79464', 'noelia.gallego@example.com', 'sunshine', '997-867-713', 2222, 100),
('566361962b40e', 'Mannava', 'Ramesh', '4700 Taft Blvd', 'Wichita falls', 'Texas', '76308', 'rmannava94@gmail.com', 'rmannava', '940-782-6476', 1111, 7),
('56636393029e1', 'Vaisali', 'Namburi', '4700 Taft Blvd', 'Wichita falls', 'Texas', '76308', 'vnamburi93@gmail.com', 'vnamburi', '940-987-6496', 2222, 67),
('56636407986dc', 'Naveen Sai', 'Vupputuri', '4700 Taft Blvd', 'Wichita falls', 'Texas', '76308', 'naveensai.vupputuri1@gmail.com', 'nvupputuri', '940-324-9856', 3333, 99);


/*!40101 SET CHARACTER_SET_CLIENT=@OLD_CHARACTER_SET_CLIENT */;
/*!40101 SET CHARACTER_SET_RESULTS=@OLD_CHARACTER_SET_RESULTS */;
/*!40101 SET COLLATION_CONNECTION=@OLD_COLLATION_CONNECTION */;
